{
  "env_id": "Acrobot-v1",
  "score": -85.84,
  "params": {
    "lr": 0.0003807704240806363,
    "ent_coef": 0.007136433159710324,
    "vf_coef": 0.6190296039602555,
    "clip_eps": 0.2218732145827659,
    "gamma": 0.965835944857298,
    "gae_lambda": 0.8334529952388796,
    "max_grad_norm": 0.6923608677712656,
    "hidden": 256,
    "n_epochs": 9,
    "batch_size": 32,
    "rollout_steps": 512
  }
}