{
  "env_id": "BipedalWalker-v3",
  "score": -89.03895568847656,
  "params": {
    "lr": 0.00032089147544407995,
    "ent_coef": 0.0003393391541695767,
    "vf_coef": 0.3068811360456981,
    "clip_eps": 0.10089785884815183,
    "gamma": 0.9944575096372269,
    "gae_lambda": 0.851726488658381,
    "max_grad_norm": 0.4237756342972974,
    "hidden": 128,
    "n_epochs": 8,
    "batch_size": 32,
    "rollout_steps": 1024
  }
}