{
  "env_id": "CartPole-v1",
  "score": 467.91,
  "params": {
    "lr": 0.0004107664567510613,
    "ent_coef": 0.012828528051406348,
    "vf_coef": 0.3202108292359763,
    "clip_eps": 0.2201369133277965,
    "gamma": 0.9549132059518827,
    "gae_lambda": 0.8748133741306543,
    "max_grad_norm": 0.8810249015317735,
    "hidden": 128,
    "n_epochs": 9,
    "batch_size": 32,
    "rollout_steps": 1024
  }
}