{
  "env_id": "CartPole-v1",
  "score": 421.91,
  "params": {
    "lr": 0.0006466477802273996,
    "ent_coef": 0.0003126461345420257,
    "vf_coef": 0.30444066610474196,
    "clip_eps": 0.19794628218770943,
    "gamma": 0.969822089476135,
    "gae_lambda": 0.8680511355735606,
    "max_grad_norm": 0.3551426235523437,
    "hidden": 256,
    "n_epochs": 6,
    "batch_size": 32,
    "rollout_steps": 2048
  }
}