{
  "env_id": "HalfCheetah-v4",
  "score": -131.06717127427063,
  "params": {
    "lr": 0.0005774225533543438,
    "ent_coef": 0.00023213955328070697,
    "vf_coef": 0.6542921229720962,
    "clip_eps": 0.20510871317588747,
    "gamma": 0.9676978112427014,
    "gae_lambda": 0.8428428747862463,
    "max_grad_norm": 0.8479751935016319,
    "hidden": 128,
    "n_epochs": 10,
    "batch_size": 32,
    "rollout_steps": 512
  }
}