{
  "env_id": "Hopper-v4",
  "score": 363.1172218857279,
  "params": {
    "lr": 0.00037342019535722764,
    "ent_coef": 0.0001554412063861358,
    "vf_coef": 0.3879515372475762,
    "clip_eps": 0.382290268113902,
    "gamma": 0.9546686940753718,
    "gae_lambda": 0.8021516955552049,
    "max_grad_norm": 0.8017813057426495,
    "hidden": 256,
    "n_epochs": 8,
    "batch_size": 32,
    "rollout_steps": 512
  }
}