{
  "env_id": "LunarLander-v3",
  "score": 443.34,
  "params": {
    "lr": 0.000832295161696612,
    "ent_coef": 0.002746143661885405,
    "vf_coef": 0.3314954264087755,
    "clip_eps": 0.2367768750539146,
    "gamma": 0.9603569975230828,
    "gae_lambda": 0.891483090007312,
    "max_grad_norm": 0.6774789172160056,
    "hidden": 256,
    "n_epochs": 6,
    "batch_size": 32,
    "rollout_steps": 512
  }
}