{
  "env_id": "Pendulum-v1",
  "score": -1099.7618600824762,
  "params": {
    "lr": 0.0009873076144139483,
    "ent_coef": 0.0003708850932157609,
    "vf_coef": 0.9020835947508166,
    "clip_eps": 0.2877714706489468,
    "gamma": 0.9554928047045761,
    "gae_lambda": 0.8948003558463591,
    "max_grad_norm": 0.6412517496091373,
    "hidden": 128,
    "n_epochs": 6,
    "batch_size": 32,
    "rollout_steps": 2048
  }
}