{
  "env_id": "Reacher-v4",
  "score": -10.193121980929952,
  "params": {
    "lr": 0.000993691882718142,
    "ent_coef": 0.00028397997000050864,
    "vf_coef": 0.8833514836334966,
    "clip_eps": 0.3226446196649877,
    "gamma": 0.9615171208544654,
    "gae_lambda": 0.979495543049758,
    "max_grad_norm": 0.8331483820835457,
    "hidden": 128,
    "n_epochs": 9,
    "batch_size": 64,
    "rollout_steps": 1024
  }
}