{
  "env_id": "Swimmer-v4",
  "score": 34.432863485123995,
  "params": {
    "lr": 0.0009795935999220148,
    "ent_coef": 0.0018273950222870965,
    "vf_coef": 0.43722767118692346,
    "clip_eps": 0.36286602853825783,
    "gamma": 0.959732328636582,
    "gae_lambda": 0.8917363837266674,
    "max_grad_norm": 0.46401943686685515,
    "hidden": 64,
    "n_epochs": 8,
    "batch_size": 64,
    "rollout_steps": 1024
  }
}