{
  "env_id": "ALE/SpaceInvaders-v5",
  "score": 290.5,
  "params": {
    "lr": 7.112278720847689e-05,
    "ent_coef": 0.0022759314271022517,
    "vf_coef": 0.8913780759394319,
    "clip_eps": 0.28818347892207324,
    "gamma": 0.96554945279332,
    "gae_lambda": 0.915393786645016,
    "max_grad_norm": 0.49312631392048567,
    "hidden": 256,
    "n_epochs": 8,
    "batch_size": 32,
    "rollout_steps": 512
  }
}