{
  "env_id": "ALE/Pong-v5",
  "score": -16.47,
  "params": {
    "lr": 0.00017915668975294284,
    "ent_coef": 0.00524414550319864,
    "vf_coef": 0.510569487790135,
    "clip_eps": 0.10053213436767158,
    "gamma": 0.9697637775283086,
    "gae_lambda": 0.8375897458214759,
    "max_grad_norm": 0.6772504659374025,
    "hidden": 256,
    "n_epochs": 10,
    "batch_size": 32,
    "rollout_steps": 2048
  }
}