{
  "env_id": "Ant-v4",
  "score": 70.43748378729391,
  "params": {
    "lr": 0.0009714969781730923,
    "ent_coef": 0.010699213817005868,
    "vf_coef": 0.7276893289137,
    "clip_eps": 0.3155440379037877,
    "gamma": 0.976216196853308,
    "gae_lambda": 0.8502720793706573,
    "max_grad_norm": 0.8555014629874325,
    "hidden": 64,
    "n_epochs": 7,
    "batch_size": 64,
    "rollout_steps": 512
  }
}