{
  "env_id": "CarRacing-v3",
  "score": 277.9359017115089,
  "params": {
    "lr": 0.00012264109382628528,
    "ent_coef": 0.09926259930300602,
    "vf_coef": 0.8868623712047299,
    "clip_eps": 0.3606542936532999,
    "gamma": 0.9920987614051154,
    "gae_lambda": 0.856932164764626,
    "max_grad_norm": 0.5632362440943706,
    "hidden": 256,
    "n_epochs": 8,
    "batch_size": 64,
    "rollout_steps": 2048
  }
}