{
  "env_id": "Humanoid-v4",
  "score": 251.49666996762144,
  "params": {
    "lr": 0.000526061064155311,
    "ent_coef": 0.00032751679174296543,
    "vf_coef": 0.8531537939276207,
    "clip_eps": 0.2767932861791664,
    "gamma": 0.9717916020740178,
    "gae_lambda": 0.8634195607098436,
    "max_grad_norm": 0.8712896626989899,
    "hidden": 256,
    "n_epochs": 9,
    "batch_size": 32,
    "rollout_steps": 2048
  }
}