{
  "env_id": "SuperMarioBros-v0",
  "score": 1937.3186813186812,
  "params": {
    "lr": 0.0008812279492290306,
    "ent_coef": 0.0007234337988512552,
    "vf_coef": 0.8478231171290332,
    "clip_eps": 0.3113898236450839,
    "gamma": 0.9707351031682835,
    "gae_lambda": 0.9215236151624969,
    "max_grad_norm": 0.4676176786075323,
    "hidden": 64,
    "n_epochs": 7,
    "batch_size": 32,
    "rollout_steps": 1024
  }
}