{
  "env_id": "Walker2d-v4",
  "score": 336.58346380921654,
  "params": {
    "lr": 0.00042775024016988703,
    "ent_coef": 0.02807222693027084,
    "vf_coef": 0.9270880323346844,
    "clip_eps": 0.28246238784458166,
    "gamma": 0.9531284402030671,
    "gae_lambda": 0.8652861558482376,
    "max_grad_norm": 0.4091735497456693,
    "hidden": 256,
    "n_epochs": 10,
    "batch_size": 64,
    "rollout_steps": 1024
  }
}